id,nome,estado,nota_matematica,nota_linguagens,nota_ciencias,nota_redacao,ano
1,Diego Alves,SP,744.93,446.94,383.72,371.75,2021
2,Tatiane Moraes,SC,319.07,356.22,439.6,721.41,2022
3,Samuel Carvalho,SC,432.26,653.56,785.66,304.55,2022
4,Nicolas Pires,PR,466.72,429.19,758.1,371.55,2024
5,Diego Alves,PR,,662.24,784.28,810.81,2021
6,Mariana Freitas,RJ,631.22,erro,671.11,903.19,2022
7,Carla Mendes,SP,696.76,763.84,891.13,898.72,2021
8,Mariana Freitas,BA,572.05,800.47,397.59,548.69,2023
9,Carla Mendes,PE,680.99,620.48,446.89,623.58,2023
10,Samuel Carvalho,ES,710.77,805.71,765.6,460.33,2021
11,Karen Ribeiro,SC,460.64,426.59,865.75,913.46,2023
12,Gabriela Costa,RS,537.38,848.73,575.31,485.42,2022
13,Samuel Carvalho,GO,457.64,650.75,838.69,579.58,2022
14,Eduarda Rocha,GO,596.11,753.47,816.66,406.99,2022
15,Nicolas Pires,PE,338.12,528.97,897.67,670.38,2021
16,Diego Alves,GO,750.53,761.16,504.11,505.45,2022
17,Olivia Nogueira,SP,872.29,825.51,458.03,650.41,2022
18,Renata Batista,RJ,822.31,479.07,683.37,726.28,2022
19,Lucas Teixeira,MG,623.63,767.18,618.21,300.4,2023
20,Paulo Henrique,SP,367.12,517.79,891.19,864.74,2022
21,Bruno Lima,ES,826.81,868.17,351.39,640.19,2021
22,Samuel Carvalho,MG,377.03,585.17,629.88,485.54,2024
23,Gabriela Costa,GO,753.16,713.92,727.77,579.29,2023
24,Olivia Nogueira,GO,570.89,448.74,338.42,314.72,2022
25,Tatiane Moraes,ES,304.31,724.7,335.32,347.18,2021
26,Karen Ribeiro,RJ,608.49,467.09,591.25,677.46,2024
27,Henrique Barros,RS,,414.25,358.16,601.74,2024
28,Nicolas Pires,RS,818.3,332.5,692.07,752.33,2021
29,Mariana Freitas,PR,780.36,365.56,414.95,675.4,2022
30,Nicolas Pires,MG,,449.88,853.96,610.19,2021
31,Bruno Lima,GO,801.62,881.4,855.82,894.09,2022
32,Nicolas Pires,RS,588.82,818.79,841.47,415.25,2021
33,Mariana Freitas,BA,855.91,771.08,471.15,787.61,2024
34,Eduarda Rocha,ES,478.02,881.23,647.51,679.54,2023
35,Bruno Lima,SP,650.51,601.71,811.63,410.2,2021
36,Felipe Martins,RJ,657.02,705.13,441.12,383.92,2022
37,Tatiane Moraes,PE,323.84,349.19,694.42,695.66,2023
38,Isabela Duarte,ES,701.84,488.51,459.37,391.61,2023
39,Olivia Nogueira,PR,857.41,861.44,305.59,734.81,2021
40,Carla Mendes,GO,427.89,459.12,859.96,916.6,2022
41,Lucas Teixeira,BA,394.65,800.25,722.12,728.17,2021
42,Samuel Carvalho,BA,859.05,362.15,826.88,-24.0,2021
43,Samuel Carvalho,MG,463.41,662.9,730.57,442.52,2023
44,Renata Batista,RS,450.67,844.9,330.48,744.0,2023
45,Bruno Lima,SP,500.13,erro,887.88,413.11,2024
46,Samuel Carvalho,SC,636.54,367.12,867.03,783.71,2022
47,Samuel Carvalho,SP,800.76,649.51,388.86,389.21,2023
48,Lucas Teixeira,SP,839.35,426.05,449.72,371.96,2024
49,Vinicius Araujo,MG,855.46,442.04,397.5,859.92,2022
50,Nicolas Pires,SP,407.62,erro,769.43,588.2,2022
51,Isabela Duarte,MG,772.42,364.86,823.3,901.02,2022
52,Gabriela Costa,RS,509.8,792.32,822.79,456.05,2022
53,Mariana Freitas,PR,467.16,341.65,764.0,545.8,2024
54,Samuel Carvalho,PR,863.54,369.21,882.24,425.0,2023
55,Bruno Lima,RJ,657.94,507.41,771.86,605.48,2021
56,Mariana Freitas,PE,414.05,326.63,561.63,663.94,2022
57,Lucas Teixeira,SC,341.98,698.54,498.12,519.74,2021
58,João Pedro,GO,485.57,545.04,541.44,506.96,2022
59,Gabriela Costa,SC,698.96,527.49,748.88,421.82,2023
60,Mariana Freitas,GO,800.24,482.32,426.11,850.03,2023
61,Olivia Nogueira,RS,565.3,428.22,583.91,930.83,2022
62,Carla Mendes,BA,609.27,679.76,501.11,872.9,2022
63,João Pedro,ES,783.94,388.41,327.73,988.76,2021
64,Olivia Nogueira,SC,831.68,645.4,731.01,568.78,2024
65,Henrique Barros,MG,693.63,303.33,750.58,839.03,2021
66,Nicolas Pires,ES,405.53,874.78,610.77,335.15,2022
67,Diego Alves,RS,380.0,578.79,618.68,691.25,2023
68,Olivia Nogueira,PE,789.0,835.21,556.04,934.8,2024
69,Felipe Martins,RS,570.04,751.07,803.92,494.12,2024
70,Henrique Barros,BA,563.92,728.13,440.7,535.09,2021
71,Eduarda Rocha,MG,438.76,716.37,723.85,344.96,2024
72,Karen Ribeiro,GO,579.55,337.36,799.73,572.63,2021
73,Tatiane Moraes,SC,586.19,865.64,479.17,572.99,2024
74,Samuel Carvalho,GO,779.92,838.69,592.94,491.05,2024
75,Ana Souza,SC,501.68,707.49,542.59,415.53,2024
76,Eduarda Rocha,PE,620.47,844.16,655.14,764.1,2021
77,Nicolas Pires,MG,820.11,409.04,456.09,529.15,2024
78,Karen Ribeiro,PR,756.74,527.48,751.21,882.35,2023
79,Carla Mendes,RS,,623.65,899.94,544.97,2021
80,Bruno Lima,SP,869.77,419.62,312.23,406.67,2022
81,Paulo Henrique,RJ,638.38,430.78,719.68,836.83,2022
82,Vinicius Araujo,XX,878.24,731.01,766.68,414.64,2023
83,Diego Alves,PE,315.41,487.17,706.41,970.72,2024
84,Gabriela Costa,RJ,,798.34,445.71,788.04,2023
85,Vinicius Araujo,RJ,777.74,639.56,324.64,672.92,2023
86,Carla Mendes,GO,"688,53",307.59,552.04,643.14,2024
87,Lucas Teixeira,RS,724.39,561.29,740.28,975.83,2023
88,Vinicius Araujo,GO,764.78,578.92,795.44,714.73,2023
89,Henrique Barros,RJ,467.36,570.48,750.29,698.89,2024
90,Karen Ribeiro,SP,596.58,495.01,592.53,548.38,2023
91,Karen Ribeiro,BA,828.19,720.71,465.76,307.11,2022
92,Carla Mendes,ES,732.04,593.15,1304.0,783.43,2024
93,Olivia Nogueira,SP,355.83,432.96,715.07,514.34,2023
94,Paulo Henrique,GO,618.55,555.3,747.56,531.55,2024
95,Isabela Duarte,BA,450.84,372.39,415.55,383.69,2022
96,Gabriela Costa,ES,743.16,465.9,653.75,832.15,2023
97,Diego Alves,ES,,516.53,481.36,795.61,2022
98,Isabela Duarte,SP,884.58,632.02,718.45,388.4,2024
99,Diego Alves,SP,644.44,581.64,564.28,-171.0,2021
100,Isabela Duarte,RS,368.45,339.21,595.05,703.91,2021
101,Eduarda Rocha,MG,786.69,869.48,351.11,473.73,2024
102,Vinicius Araujo,PE,774.44,435.41,613.54,615.36,2024
103,João Pedro,PE,894.02,483.23,672.62,726.74,2021
104,Gabriela Costa,ES,458.79,348.71,443.92,686.39,2022
105,Ana Souza,SC,570.3,656.29,474.76,462.03,2023
106,Olivia Nogueira,RJ,712.43,854.35,772.7,737.54,2022
107,Nicolas Pires,RJ,626.74,688.58,845.05,878.64,2021
108,Bruno Lima,MG,775.58,657.03,794.54,944.83,2024
109,Diego Alves,RS,,719.84,865.61,650.33,2024
110,Olivia Nogueira,RJ,658.82,833.65,740.72,722.6,2021
111,Carla Mendes,ES,877.15,801.58,645.12,965.55,2023
112,Tatiane Moraes,SP,757.87,405.11,611.38,609.56,2023
113,Felipe Martins,PE,561.53,788.55,881.43,629.01,2024
114,Karen Ribeiro,PR,702.08,814.64,497.88,785.57,2023
115,Mariana Freitas,GO,322.02,352.84,451.44,381.15,2024
116,Renata Batista,SP,694.6,625.56,547.95,431.31,2023
117,Vinicius Araujo,RS,675.25,755.99,422.13,684.45,2023
118,Olivia Nogueira,RS,372.86,883.89,665.32,467.51,2022
119,João Pedro,GO,308.2,544.79,434.82,888.98,2021
120,Olivia Nogueira,RJ,688.63,392.38,859.59,504.3,2023
121,Nicolas Pires,RS,888.15,446.24,630.76,568.51,2022
122,Carla Mendes,BA,763.61,812.65,503.93,851.4,2023
123,Ana Souza,BA,735.63,802.49,647.95,761.96,2022
124,Olivia Nogueira,GO,590.6,499.46,757.72,564.05,2023
125,Gabriela Costa,ES,,440.14,765.33,330.55,2024
126,Mariana Freitas,SC,893.05,775.44,691.21,406.47,2021
127,Eduarda Rocha,GO,879.21,499.2,360.22,891.53,2021
128,Renata Batista,RS,309.21,386.49,822.56,978.97,2021
129,Paulo Henrique,BA,503.14,715.62,689.9,896.24,2024
130,Karen Ribeiro,RS,823.43,321.54,341.05,741.81,2023
131,Henrique Barros,XX,560.38,359.07,680.25,910.81,2024
132,Felipe Martins,BA,842.05,327.59,777.69,505.36,2023
133,Nicolas Pires,MG,446.52,erro,709.08,426.04,2022
134,Carla Mendes,PE,822.5,671.83,444.5,938.98,2022
135,Henrique Barros,RS,682.74,575.74,700.1,929.24,2024
136,João Pedro,GO,394.79,565.04,507.34,711.3,2024
137,Isabela Duarte,RS,807.18,419.53,530.82,638.25,2022
138,Mariana Freitas,PE,515.38,477.52,719.57,315.36,2024
139,Isabela Duarte,SP,639.56,711.48,746.8,334.33,2024
140,João Pedro,ES,664.24,511.39,681.97,734.62,2022
141,Diego Alves,SP,485.36,564.49,647.74,812.65,2021
142,João Pedro,PR,748.49,405.38,379.3,677.59,2023
143,Renata Batista,GO,848.09,798.28,454.18,877.28,2024
144,João Pedro,PR,782.54,581.0,345.18,827.91,2022
145,Mariana Freitas,GO,519.47,774.41,308.35,675.6,2024
146,Lucas Teixeira,BA,650.74,793.45,864.18,375.84,2022
147,Paulo Henrique,SP,671.73,865.9,496.8,727.06,2021
148,Olivia Nogueira,BA,689.54,370.01,327.21,326.05,2024
149,Diego Alves,RJ,440.88,622.53,533.19,559.71,2024
150,Tatiane Moraes,MG,831.25,692.95,800.22,730.96,2023
151,Bruno Lima,PR,430.36,566.82,441.67,553.88,2023
152,Samuel Carvalho,PR,336.33,465.53,880.92,964.31,2024
153,Carla Mendes,XX,685.02,658.29,312.81,850.76,2022
154,Eduarda Rocha,PE,423.12,797.89,632.52,710.47,2022
155,Karen Ribeiro,MG,773.19,657.59,466.36,988.82,2022
156,Samuel Carvalho,BA,779.11,365.96,819.87,392.26,2023
157,Henrique Barros,PE,494.26,404.55,331.44,819.2,2021
158,Carla Mendes,RS,,517.22,1434.0,616.4,2022
159,Vinicius Araujo,SP,"736,35",845.25,695.34,511.14,2021
160,Bruno Lima,RS,808.38,555.76,364.78,798.68,2024
161,Carla Mendes,RJ,493.27,389.0,375.71,737.02,2023
162,Mariana Freitas,PE,618.33,572.23,663.26,369.42,2021
163,Samuel Carvalho,ES,558.04,832.85,548.29,879.19,2024
164,Nicolas Pires,RJ,487.53,487.51,452.93,967.51,2024
165,Carla Mendes,RJ,799.06,355.94,357.94,817.16,2022
166,Samuel Carvalho,SP,651.88,636.95,497.79,385.56,2023
167,Nicolas Pires,SP,881.04,660.25,1206.0,704.54,2022
168,Eduarda Rocha,RS,434.55,364.93,807.22,557.29,2023
169,Tatiane Moraes,ES,784.33,807.09,884.73,872.9,2021
170,Vinicius Araujo,BA,317.37,463.96,757.45,945.08,2023
171,Ana Souza,MG,821.92,639.79,540.47,399.31,2021
172,Carla Mendes,GO,429.08,551.9,504.54,559.04,2023
173,Tatiane Moraes,PE,350.97,331.57,394.45,732.49,2021
174,Isabela Duarte,RS,697.16,591.4,565.23,491.22,2021
175,Lucas Teixeira,SC,366.53,706.93,655.88,668.85,2023
176,Bruno Lima,ES,537.16,659.59,304.61,510.99,2022
177,Eduarda Rocha,BA,473.67,371.99,598.43,601.46,2022
178,Mariana Freitas,GO,722.2,600.16,800.01,864.34,2021
179,Mariana Freitas,SP,561.73,575.85,346.72,519.14,2024
180,Tatiane Moraes,SC,725.7,550.62,369.1,314.6,2023
181,Felipe Martins,PE,576.06,713.77,517.11,605.7,2021
182,Henrique Barros,SC,653.32,614.38,537.46,517.19,2023
183,Henrique Barros,PR,767.47,345.83,1230.0,671.42,2022
184,Lucas Teixeira,PR,736.43,791.37,789.02,465.39,2022
185,Isabela Duarte,ES,,391.72,755.49,352.75,2024
186,Olivia Nogueira,PE,755.93,569.34,854.49,695.14,2023
187,Karen Ribeiro,MG,563.86,581.35,678.83,857.43,2021
188,Lucas Teixeira,GO,344.51,577.05,322.56,558.12,2023
189,Carla Mendes,RJ,669.01,604.24,577.63,688.02,2021
190,Olivia Nogueira,PE,691.1,492.92,585.38,405.6,2021
191,Olivia Nogueira,RJ,786.58,802.43,889.43,359.03,2022
192,Bruno Lima,ES,724.57,894.59,614.44,726.86,2023
193,Lucas Teixeira,BA,532.45,764.68,707.34,336.66,2023
194,Carla Mendes,PR,356.7,707.03,470.49,806.61,2022
195,Karen Ribeiro,RJ,649.64,384.86,509.89,977.39,2024
196,Eduarda Rocha,PE,725.3,350.83,635.35,750.45,2023
197,Eduarda Rocha,GO,356.07,702.27,605.09,312.76,2023
198,Felipe Martins,ES,505.04,759.69,415.2,999.98,2022
199,Carla Mendes,BA,806.66,360.68,762.52,884.58,2021
200,Karen Ribeiro,PE,378.63,526.03,397.35,881.94,2022
201,Olivia Nogueira,SP,546.52,705.82,442.52,610.94,2023
202,Olivia Nogueira,ES,620.41,485.68,785.17,628.31,2022
203,Lucas Teixeira,PE,890.66,577.01,469.06,567.31,2024
204,Felipe Martins,ES,780.76,383.04,450.0,748.83,2023
205,Samuel Carvalho,RJ,726.84,609.55,374.81,358.71,2022
206,Isabela Duarte,RS,843.18,388.41,562.48,962.49,2022
207,Olivia Nogueira,PR,858.28,548.94,537.87,561.77,2024
208,Carla Mendes,PR,434.72,491.21,359.45,800.29,2023
209,Eduarda Rocha,MG,322.98,850.44,583.47,881.78,2024
210,Olivia Nogueira,PE,303.15,347.54,453.55,884.47,2024
211,Diego Alves,BA,442.58,373.11,443.06,747.27,2024
212,Carla Mendes,RJ,802.01,599.9,621.63,742.37,2022
213,Eduarda Rocha,BA,557.54,668.89,444.34,591.6,2021
214,Renata Batista,PR,340.61,615.64,604.4,991.83,2021
215,Mariana Freitas,RS,326.12,532.13,523.98,823.12,2023
216,Carla Mendes,PR,444.68,694.26,362.2,707.33,2023
217,Eduarda Rocha,SP,511.38,erro,685.68,881.27,2024
218,Paulo Henrique,MG,786.9,337.86,765.71,620.38,2023
219,Gabriela Costa,SP,774.67,831.47,489.36,517.05,2024
220,Samuel Carvalho,RS,451.99,751.97,414.66,549.88,2021
221,Karen Ribeiro,BA,374.69,520.81,833.69,820.32,2024
222,Karen Ribeiro,MG,597.72,598.51,854.59,663.49,2021
223,Nicolas Pires,RJ,558.36,897.06,408.27,505.64,2021
224,Carla Mendes,PR,696.55,483.9,661.57,598.28,2024
225,Lucas Teixeira,RS,325.41,822.02,511.54,998.71,2023
226,Bruno Lima,RJ,702.71,543.73,607.85,824.93,2022
227,Ana Souza,MG,809.2,706.85,562.9,388.36,2022
228,Lucas Teixeira,PR,529.71,640.35,663.06,775.34,2023
229,Lucas Teixeira,RS,757.85,644.35,617.68,578.62,2023
230,Henrique Barros,RJ,"315,55",411.63,610.65,939.48,2021
231,Isabela Duarte,BA,722.42,428.74,667.13,785.79,2024
232,Gabriela Costa,RJ,381.44,344.43,403.59,799.36,2021
233,Karen Ribeiro,PR,725.72,630.0,474.22,509.97,2022
234,Felipe Martins,PR,605.25,372.82,420.59,397.21,2024
235,Ana Souza,PR,632.41,521.35,782.2,686.15,2021
236,Carla Mendes,BA,538.9,730.16,587.2,587.56,2024
237,Tatiane Moraes,RJ,375.2,490.22,344.5,626.08,2023
238,Eduarda Rocha,GO,683.88,409.18,879.76,602.83,2021
239,Diego Alves,GO,391.81,398.79,493.6,796.53,2023
240,Renata Batista,BA,807.56,450.36,681.03,685.59,2022
241,João Pedro,PE,620.09,601.54,401.18,959.12,2022
242,Felipe Martins,PE,732.38,663.08,805.52,694.53,2021
243,Carla Mendes,SP,869.13,762.61,458.79,447.57,2024
244,Vinicius Araujo,SP,598.82,676.3,473.8,969.66,2024
245,Henrique Barros,SC,478.46,343.78,335.95,607.72,2024
246,Olivia Nogueira,ES,504.12,386.2,816.89,523.52,2023
247,Mariana Freitas,MG,756.4,608.99,363.71,469.22,2021
248,Isabela Duarte,RS,448.75,358.09,474.13,568.9,2024
249,Henrique Barros,MG,788.09,860.25,732.68,432.88,2022
250,Paulo Henrique,GO,580.09,827.45,598.42,363.03,2024
251,Renata Batista,RS,880.01,429.09,511.74,335.38,2024
252,Vinicius Araujo,RS,471.45,304.91,364.5,393.75,2023
253,Lucas Teixeira,SC,,540.35,642.17,436.26,2023
254,Carla Mendes,SC,602.55,758.64,467.83,992.36,2021
862,Eduarda Rocha,RJ,536.34,776.94,503.45,957.26,2022
256,Gabriela Costa,PE,605.47,600.05,327.18,395.93,2023
257,Paulo Henrique,GO,574.19,663.76,609.3,529.58,2023
258,Felipe Martins,SC,894.37,743.59,479.54,535.46,2024
259,Tatiane Moraes,BA,584.94,309.98,498.74,376.72,2024
260,Tatiane Moraes,BA,778.05,735.19,712.83,318.65,2024
261,Isabela Duarte,PE,646.58,732.84,650.11,419.36,2024
262,Eduarda Rocha,ES,318.94,868.92,365.94,313.26,2023
263,Nicolas Pires,MG,547.78,422.34,601.09,728.03,2024
264,Bruno Lima,MG,611.21,636.53,898.87,634.86,2024
265,Karen Ribeiro,MG,575.8,619.88,627.76,773.11,2023
266,Vinicius Araujo,RS,415.36,447.91,634.85,457.41,2023
267,João Pedro,ES,714.14,593.4,587.88,692.34,2023
268,João Pedro,RJ,644.09,625.91,837.46,576.17,2023
269,Eduarda Rocha,BA,325.24,873.19,347.42,946.81,2023
270,Paulo Henrique,ES,421.24,623.15,859.81,787.32,2022
271,Diego Alves,PE,744.53,443.57,330.46,933.63,2022
272,Henrique Barros,SP,360.12,498.18,583.44,776.83,2022
273,Ana Souza,GO,886.75,394.76,691.74,916.45,2024
274,Paulo Henrique,ES,753.55,472.35,471.25,341.41,2021
275,Tatiane Moraes,ES,621.09,733.87,862.0,939.26,2022
276,Nicolas Pires,MG,860.35,erro,801.72,851.57,2022
277,João Pedro,SP,305.56,640.78,364.38,988.1,2023
278,Olivia Nogueira,GO,614.59,833.56,380.52,652.95,2023
279,Gabriela Costa,RJ,498.41,738.67,688.97,803.02,2021
280,Karen Ribeiro,BA,640.67,754.37,405.3,899.3,2024
281,Nicolas Pires,GO,496.76,540.5,357.23,987.18,2024
282,Karen Ribeiro,ES,304.1,530.14,568.04,486.9,2023
283,João Pedro,PE,733.73,306.86,692.21,784.94,2021
284,Diego Alves,RS,484.08,543.25,601.51,926.58,2023
285,Diego Alves,BA,520.53,432.51,874.42,634.73,2024
286,Vinicius Araujo,PR,549.51,629.54,582.5,676.26,2022
287,Henrique Barros,PE,823.88,349.12,568.05,792.64,2021
288,Tatiane Moraes,RJ,337.05,628.59,603.29,700.89,2022
289,Felipe Martins,PR,812.69,565.1,708.18,801.84,2024
290,Carla Mendes,GO,567.29,333.38,1429.0,590.8,2021
291,Samuel Carvalho,RS,703.66,484.9,313.06,478.12,2021
292,Gabriela Costa,PE,,554.22,1306.0,678.81,2021
293,Carla Mendes,RS,319.04,545.32,761.38,836.08,2024
294,Lucas Teixeira,SC,569.12,850.27,526.5,356.17,2022
295,Lucas Teixeira,RJ,407.08,622.36,617.31,809.5,2022
296,Ana Souza,SP,887.09,577.8,731.46,596.89,2024
297,Henrique Barros,ES,576.38,393.07,413.09,912.65,2021
298,Bruno Lima,SC,"668,95",861.74,833.42,468.47,2021
299,Diego Alves,PE,320.15,658.67,721.97,334.07,2021
300,Mariana Freitas,RS,440.6,430.36,818.24,339.51,2023
301,Henrique Barros,PE,491.34,658.75,703.52,524.47,2023
302,Eduarda Rocha,GO,432.63,480.3,336.57,963.96,2022
303,Nicolas Pires,GO,597.37,883.37,864.95,769.94,2023
304,Nicolas Pires,SC,389.53,525.88,752.65,631.46,2022
305,João Pedro,MG,783.47,848.84,637.43,977.45,2022
306,Mariana Freitas,ES,453.0,498.16,1161.0,614.85,2023
307,Carla Mendes,GO,734.75,414.29,461.08,771.57,2021
308,Carla Mendes,XX,782.79,652.55,702.87,451.91,2022
309,Karen Ribeiro,BA,874.21,309.2,862.3,973.45,2021
310,Paulo Henrique,ES,717.38,722.26,537.98,467.53,2023
311,João Pedro,SC,579.75,689.23,485.05,551.75,2024
312,Olivia Nogueira,RJ,781.69,733.45,756.98,524.16,2022
313,Lucas Teixeira,PR,548.36,637.51,432.76,402.15,2023
314,Samuel Carvalho,PE,647.49,550.55,391.45,530.91,2024
315,Tatiane Moraes,ES,599.58,692.76,710.91,480.13,2024
316,Paulo Henrique,RS,400.94,776.99,401.56,804.22,2024
317,Felipe Martins,GO,894.19,874.34,614.37,887.35,2021
318,Bruno Lima,SP,547.44,805.53,438.86,795.02,2021
319,Gabriela Costa,GO,573.61,336.27,682.64,953.73,2024
320,Paulo Henrique,SP,303.97,630.99,307.11,670.59,2023
321,Samuel Carvalho,BA,310.29,787.89,704.42,864.32,2022
322,Diego Alves,RJ,614.63,444.58,671.87,476.69,2023
323,Isabela Duarte,SC,347.41,875.58,575.4,470.25,2022
324,João Pedro,RJ,692.24,814.93,755.75,365.45,2024
325,Mariana Freitas,GO,585.6,682.05,721.71,357.88,2024
326,Karen Ribeiro,PE,886.4,884.3,836.87,943.41,2022
327,Gabriela Costa,PE,585.3,327.94,344.61,947.91,2021
328,Felipe Martins,PR,309.39,424.29,386.51,874.48,2024
329,Carla Mendes,BA,397.47,444.28,800.79,572.41,2023
330,Mariana Freitas,MG,774.3,713.59,347.06,821.82,2023
331,Bruno Lima,RJ,562.25,803.2,504.36,838.3,2024
332,Karen Ribeiro,SP,,770.13,570.33,459.7,2024
333,Nicolas Pires,MG,707.82,erro,351.42,733.03,2022
334,Carla Mendes,RJ,460.78,528.0,770.33,407.99,2024
335,Karen Ribeiro,PR,363.93,303.12,484.96,551.94,2023
336,Diego Alves,MG,352.38,558.59,634.19,658.71,2021
337,Ana Souza,RJ,,355.84,658.83,527.1,2024
338,Ana Souza,BA,548.29,erro,734.91,691.68,2022
339,Tatiane Moraes,GO,401.75,528.44,383.3,510.79,2024
340,Eduarda Rocha,RJ,400.32,465.58,479.85,847.87,2023
341,Isabela Duarte,ES,732.54,597.48,670.0,620.5,2022
342,João Pedro,SP,869.29,499.33,672.12,862.85,2023
343,Olivia Nogueira,PR,558.37,794.12,690.62,716.08,2023
344,Karen Ribeiro,PE,868.37,420.51,488.51,975.2,2023
345,João Pedro,RS,880.66,769.18,495.53,496.21,2024
346,Lucas Teixeira,RJ,859.24,419.88,898.36,425.95,2021
347,Olivia Nogueira,ES,563.07,474.8,715.7,873.28,2024
348,Paulo Henrique,MG,680.0,445.21,695.2,800.67,2024
349,Carla Mendes,RS,894.42,587.54,540.48,654.63,2024
350,Samuel Carvalho,SP,"774,43",515.72,837.3,675.83,2021
351,Diego Alves,ES,694.56,513.01,688.2,331.01,2024
352,Karen Ribeiro,SC,363.57,359.16,433.2,822.8,2022
353,Olivia Nogueira,PR,534.68,763.41,653.15,650.33,2023
354,Ana Souza,RS,362.73,549.59,877.04,381.25,2022
355,Lucas Teixeira,BA,505.84,770.56,612.67,543.81,2021
356,Olivia Nogueira,RS,491.35,480.16,786.11,380.56,2023
357,Diego Alves,MG,857.95,744.29,609.6,686.34,2023
358,Samuel Carvalho,SC,875.08,439.11,543.03,429.12,2024
359,Mariana Freitas,SP,742.43,829.86,569.75,600.69,2021
360,Gabriela Costa,ES,467.01,722.26,777.6,704.14,2022
361,Lucas Teixeira,PR,418.24,368.37,702.42,642.64,2023
362,Vinicius Araujo,SC,666.79,652.2,508.75,891.86,2022
363,João Pedro,PE,654.1,703.27,487.91,467.0,2021
364,Felipe Martins,PR,716.06,606.49,550.94,396.51,2024
365,Nicolas Pires,MG,592.0,622.43,851.5,951.49,2022
366,Samuel Carvalho,MG,593.79,384.18,488.75,615.7,2021
367,Lucas Teixeira,SP,590.77,417.08,530.37,693.11,2024
368,Nicolas Pires,RS,549.38,803.94,593.22,-34.0,2021
369,Henrique Barros,BA,319.62,434.91,473.2,846.52,2024
370,Samuel Carvalho,GO,367.93,368.52,765.07,876.3,2023
371,Samuel Carvalho,SP,756.0,564.82,431.13,597.61,2022
372,João Pedro,SP,569.84,509.15,790.04,607.35,2021
373,Henrique Barros,ES,786.42,652.75,510.38,797.53,2024
374,Felipe Martins,PE,383.54,423.97,424.17,341.55,2023
375,Samuel Carvalho,BA,658.11,401.03,887.4,504.84,2023
376,Renata Batista,RJ,381.35,750.06,546.96,341.5,2023
377,Eduarda Rocha,MG,449.81,726.84,797.09,833.03,2024
378,Paulo Henrique,MG,646.46,461.23,548.54,616.39,2021
379,Mariana Freitas,GO,749.88,716.82,826.39,618.29,2024
380,Karen Ribeiro,PE,301.48,764.48,739.63,811.65,2024
381,Lucas Teixeira,RJ,777.41,538.63,880.88,877.39,2024
382,Isabela Duarte,PR,797.01,502.65,646.76,696.3,2024
383,Karen Ribeiro,SP,,675.71,802.02,311.4,2022
384,Olivia Nogueira,RS,300.41,874.82,421.39,782.01,2022
385,João Pedro,MG,824.65,825.96,356.0,552.3,2021
386,Lucas Teixeira,MG,331.07,675.36,735.59,828.66,2024
387,Carla Mendes,RJ,300.65,586.08,379.62,458.33,2024
388,Ana Souza,SP,717.36,790.27,892.89,595.62,2022
389,Paulo Henrique,RJ,437.37,353.6,783.57,372.24,2023
390,João Pedro,MG,529.63,788.02,824.7,749.1,2022
391,Carla Mendes,GO,637.97,666.19,1408.0,545.83,2022
392,Eduarda Rocha,SC,669.65,565.43,430.35,927.62,2022
393,Diego Alves,PE,738.01,510.92,557.63,853.75,2022
394,Isabela Duarte,RJ,448.9,660.6,732.71,499.44,2021
395,João Pedro,ES,610.65,605.71,748.71,506.88,2021
396,Henrique Barros,RS,531.53,444.65,682.85,349.71,2021
397,Lucas Teixeira,PR,379.19,816.49,641.03,555.79,2022
398,Paulo Henrique,RJ,310.01,340.52,457.31,327.88,2021
399,Mariana Freitas,GO,471.89,727.58,760.27,596.5,2024
400,Carla Mendes,GO,622.59,391.61,350.16,355.32,2022
401,Eduarda Rocha,GO,496.05,651.86,757.93,754.89,2021
402,João Pedro,SC,737.98,807.88,334.74,360.35,2024
403,Diego Alves,RS,667.38,333.02,699.65,760.64,2022
404,Diego Alves,SP,,720.9,398.3,967.11,2023
405,Felipe Martins,PR,376.16,768.67,461.26,920.49,2021
406,Karen Ribeiro,SC,463.19,338.32,727.39,703.66,2021
407,Paulo Henrique,RS,606.47,333.26,815.62,416.82,2022
408,Isabela Duarte,RJ,836.56,704.47,369.2,818.55,2021
409,Bruno Lima,SP,446.73,583.06,1147.0,405.06,2021
410,Samuel Carvalho,SC,434.71,448.96,849.51,523.95,2021
411,Tatiane Moraes,PR,371.64,704.0,331.6,456.23,2021
412,Mariana Freitas,RJ,826.19,819.62,764.12,517.49,2021
413,Samuel Carvalho,RS,304.78,420.4,638.28,512.74,2022
414,Olivia Nogueira,PR,655.01,596.02,763.57,436.8,2022
415,Eduarda Rocha,SP,859.44,314.35,624.93,745.16,2021
416,Karen Ribeiro,SP,755.36,525.76,742.85,515.26,2022
417,Renata Batista,ES,551.89,876.71,883.54,399.66,2023
418,Carla Mendes,SP,852.76,838.37,611.86,790.59,2023
419,Olivia Nogueira,RJ,648.46,603.26,682.33,576.05,2021
420,Nicolas Pires,MG,442.06,456.59,489.01,860.57,2023
421,Karen Ribeiro,RS,463.17,344.81,421.63,845.96,2021
422,Eduarda Rocha,RJ,398.62,579.63,543.91,675.15,2022
436,Olivia Nogueira,BA,578.01,811.49,354.25,865.32,2023
424,Vinicius Araujo,SP,429.01,813.94,388.99,797.81,2023
425,Mariana Freitas,GO,329.37,479.3,792.05,421.71,2024
426,Olivia Nogueira,GO,748.85,449.91,577.23,862.73,2022
427,Diego Alves,SP,,768.58,433.37,438.69,2024
428,Lucas Teixeira,RJ,649.39,455.29,787.65,315.26,2021
429,Gabriela Costa,RS,785.58,355.19,808.37,866.22,2021
430,Bruno Lima,RS,330.38,854.48,559.89,807.1,2024
431,Ana Souza,SC,709.93,403.68,428.83,431.01,2023
432,Olivia Nogueira,MG,320.79,671.51,447.47,506.57,2024
433,Samuel Carvalho,RS,336.59,467.87,382.34,439.62,2022
434,Samuel Carvalho,SP,893.64,769.15,515.47,-154.0,2024
435,Lucas Teixeira,PE,601.44,533.03,407.89,523.21,2022
436,Ana Souza,BA,335.15,894.92,617.66,836.79,2022
437,Felipe Martins,RJ,448.71,444.69,620.21,-162.0,2021
536,Henrique Barros,PE,807.9,778.43,512.88,887.46,2022
439,Felipe Martins,ES,655.51,783.73,718.58,939.79,2021
440,Lucas Teixeira,PE,638.16,637.87,412.94,991.6,2024
441,Samuel Carvalho,BA,405.33,322.78,333.7,721.16,2021
442,Renata Batista,RS,300.41,850.74,420.88,391.34,2022
443,Karen Ribeiro,SP,313.15,651.97,850.33,842.06,2023
444,Carla Mendes,PR,722.72,697.28,651.61,535.59,2023
445,Eduarda Rocha,MG,739.41,562.12,683.56,-48.0,2023
446,Felipe Martins,GO,716.14,857.31,772.2,456.27,2022
447,Mariana Freitas,BA,740.4,476.71,406.62,301.26,2024
448,Tatiane Moraes,SP,"409,25",490.93,785.28,727.97,2021
449,Paulo Henrique,MG,498.7,346.68,508.09,523.66,2021
450,Karen Ribeiro,RS,306.84,425.81,715.91,545.34,2021
451,Ana Souza,SP,531.56,739.55,881.46,919.19,2024
452,Mariana Freitas,PR,627.61,360.86,587.69,904.84,2022
453,Felipe Martins,RS,344.23,807.46,476.95,523.1,2021
454,Carla Mendes,PR,402.06,525.27,739.19,682.93,2021
455,Karen Ribeiro,PE,891.17,835.94,722.7,601.93,2022
456,Vinicius Araujo,SC,394.26,360.75,423.33,432.99,2023
457,João Pedro,BA,442.53,329.78,643.06,887.9,2022
458,Bruno Lima,PR,302.29,352.58,794.34,737.56,2024
459,Gabriela Costa,RJ,315.44,402.5,475.09,357.36,2021
460,João Pedro,SC,582.57,836.93,459.0,749.31,2024
461,Felipe Martins,PR,831.3,521.64,567.47,484.31,2024
462,Isabela Duarte,ES,802.25,638.55,390.68,787.53,2021
463,Carla Mendes,PR,784.91,548.39,753.87,459.26,2021
464,Mariana Freitas,GO,551.18,erro,820.14,632.38,2022
465,Paulo Henrique,BA,,841.67,728.58,651.47,2022
466,Diego Alves,RS,403.73,890.62,883.3,865.92,2022
467,Bruno Lima,SC,347.02,709.88,421.15,875.79,2022
468,Vinicius Araujo,BA,491.85,736.26,784.41,360.92,2024
469,Samuel Carvalho,PR,813.97,611.81,850.3,308.65,2024
470,Diego Alves,SC,389.79,639.96,649.61,975.38,2021
471,Diego Alves,PE,767.73,771.45,820.49,916.1,2024
472,Isabela Duarte,SC,,643.21,583.83,420.54,2024
473,Eduarda Rocha,PE,665.19,716.2,323.27,922.7,2023
474,Henrique Barros,SP,747.45,852.5,838.22,314.16,2023
475,João Pedro,BA,"805,71",814.94,710.91,980.75,2022
97,Eduarda Rocha,BA,884.53,565.87,795.49,488.59,2024
477,Vinicius Araujo,RJ,412.76,426.83,794.38,818.66,2023
478,Bruno Lima,GO,774.89,339.37,725.74,582.37,2021
479,Felipe Martins,ES,825.11,420.44,334.58,323.15,2021
480,Lucas Teixeira,ES,"464,39",794.1,603.08,744.79,2021
481,Ana Souza,ES,523.48,656.43,406.55,909.34,2023
482,Lucas Teixeira,MG,802.59,455.2,798.52,363.27,2021
483,Mariana Freitas,SP,397.74,643.35,878.95,899.98,2022
484,Gabriela Costa,BA,690.95,607.97,818.78,977.0,2021
485,Paulo Henrique,MG,688.42,660.69,305.08,476.67,2023
486,Isabela Duarte,SC,837.29,810.95,575.4,452.75,2023
487,Renata Batista,PE,538.29,361.39,606.91,763.65,2023
488,Samuel Carvalho,PE,665.43,479.09,364.86,-100.0,2023
489,Karen Ribeiro,BA,456.69,726.66,835.42,509.15,2022
490,Renata Batista,XX,839.81,783.26,781.42,720.02,2023
491,Eduarda Rocha,SP,693.24,898.48,455.66,593.0,2024
492,Bruno Lima,PE,,643.23,413.95,808.58,2022
493,Samuel Carvalho,RS,843.92,703.12,604.39,891.79,2022
494,João Pedro,RJ,582.47,744.55,735.11,691.32,2022
495,Karen Ribeiro,RJ,433.35,434.0,822.86,594.33,2023
496,Lucas Teixeira,BA,651.34,578.26,370.67,337.57,2021
497,Paulo Henrique,ES,600.29,820.5,529.0,508.85,2021
498,Eduarda Rocha,MG,895.41,505.6,892.31,924.99,2024
499,Eduarda Rocha,PR,817.44,408.21,348.49,532.84,2022
500,Karen Ribeiro,SP,302.83,464.12,756.72,418.02,2022
501,Paulo Henrique,RJ,377.64,560.23,557.65,600.32,2024
502,Mariana Freitas,SP,322.64,419.65,523.86,-52.0,2023
503,Renata Batista,ES,310.75,302.47,740.16,458.39,2023
504,João Pedro,MG,361.62,602.0,483.67,345.7,2021
505,João Pedro,BA,573.56,612.17,614.47,603.57,2022
506,Karen Ribeiro,RS,515.55,413.06,868.85,942.74,2024
507,Ana Souza,ES,434.59,890.93,426.71,315.34,2022
508,Diego Alves,PR,"726,67",775.28,525.12,748.22,2021
509,Vinicius Araujo,SP,697.18,692.14,311.85,782.82,2024
510,Olivia Nogueira,SC,374.16,451.64,721.12,443.85,2021
511,João Pedro,SC,,697.49,461.99,723.94,2022
512,Nicolas Pires,RJ,606.95,670.62,469.62,849.33,2024
513,Gabriela Costa,PE,419.85,457.8,613.89,441.17,2024
514,João Pedro,MG,323.64,597.81,424.62,953.19,2023
515,Henrique Barros,SP,307.65,353.4,366.26,701.91,2024
516,Eduarda Rocha,RJ,767.72,345.03,734.15,933.35,2022
517,Olivia Nogueira,BA,458.48,330.05,787.91,911.9,2023
518,Lucas Teixeira,PR,555.6,369.54,810.75,923.2,2021
519,Eduarda Rocha,MG,497.2,836.72,873.05,487.82,2021
520,Lucas Teixeira,PR,409.72,540.47,877.39,490.28,2024
521,Paulo Henrique,SC,689.31,778.15,367.83,787.32,2021
522,Felipe Martins,RJ,549.62,654.45,781.36,774.88,2022
111,Vinicius Araujo,SC,767.5,666.82,817.55,915.97,2022
524,Paulo Henrique,RS,367.76,546.77,327.58,483.13,2023
525,Ana Souza,GO,760.52,645.99,639.01,-95.0,2023
47,Renata Batista,GO,"712,94",670.94,559.71,808.66,2024
527,Lucas Teixeira,SC,389.19,795.86,835.24,729.04,2021
528,Felipe Martins,GO,809.31,811.12,821.65,352.41,2024
529,Karen Ribeiro,ES,498.54,466.89,604.16,685.35,2024
530,Mariana Freitas,ES,347.3,566.51,643.82,361.61,2024
531,Olivia Nogueira,PR,371.22,598.42,692.02,371.85,2024
532,Bruno Lima,GO,629.46,795.55,775.07,974.22,2023
533,Renata Batista,GO,424.11,702.88,870.21,554.34,2021
534,Henrique Barros,RS,499.18,760.45,659.97,801.66,2023
535,Olivia Nogueira,RJ,358.46,695.35,301.32,548.6,2023
536,Samuel Carvalho,GO,524.33,363.79,838.13,644.7,2024
537,Diego Alves,BA,666.51,412.53,858.13,575.03,2024
538,Gabriela Costa,PR,"364,66",548.68,855.98,886.23,2021
539,Olivia Nogueira,RS,,873.71,380.78,649.18,2021
540,Samuel Carvalho,SC,"803,29",589.76,605.0,944.81,2022
541,Tatiane Moraes,MG,738.3,377.03,532.44,720.38,2023
542,Renata Batista,SC,551.2,665.4,715.51,473.77,2024
543,Karen Ribeiro,BA,571.71,380.02,547.65,790.01,2023
544,Samuel Carvalho,PR,727.12,861.31,679.55,440.62,2023
545,Lucas Teixeira,MG,888.8,690.05,875.0,652.73,2023
546,Diego Alves,PR,637.37,649.68,865.6,797.09,2023
547,Nicolas Pires,SP,613.64,315.16,387.2,769.18,2022
548,Isabela Duarte,MG,890.12,710.03,387.86,343.42,2023
549,Gabriela Costa,GO,319.38,788.42,361.49,907.62,2022
550,Samuel Carvalho,SC,442.56,770.58,779.29,501.35,2021
551,Mariana Freitas,SC,549.94,772.87,711.09,976.08,2021
552,Ana Souza,BA,421.85,821.31,816.27,610.14,2022
553,Lucas Teixeira,PE,627.97,662.03,765.69,975.0,2023
554,Olivia Nogueira,MG,890.07,344.68,877.49,814.56,2021
555,Mariana Freitas,SP,557.1,633.96,378.04,708.79,2023
556,Ana Souza,PR,579.8,862.5,323.96,950.04,2021
557,Vinicius Araujo,BA,594.33,643.61,514.85,848.82,2023
558,Renata Batista,ES,874.19,612.36,771.75,411.56,2024
559,Carla Mendes,PR,432.72,428.01,499.13,552.56,2022
560,Vinicius Araujo,GO,584.91,636.8,751.28,754.51,2021
561,Lucas Teixeira,RS,444.21,685.36,1136.0,470.68,2021
562,Karen Ribeiro,SC,849.56,866.99,531.53,678.17,2023
563,Ana Souza,GO,793.27,524.97,781.69,611.89,2021
564,João Pedro,ES,492.19,349.41,357.57,980.14,2021
49,Carla Mendes,ES,702.2,764.15,818.97,596.95,2021
566,Gabriela Costa,GO,797.25,827.18,744.83,604.67,2021
567,Eduarda Rocha,SP,575.54,499.03,352.51,337.99,2023
568,Samuel Carvalho,RJ,644.98,436.59,455.19,571.62,2024
569,Nicolas Pires,PR,310.13,703.98,620.9,749.0,2021
570,Tatiane Moraes,SP,720.53,343.55,856.83,374.29,2023
571,Vinicius Araujo,RJ,468.91,856.01,528.85,875.49,2021
572,Paulo Henrique,MG,620.08,381.83,534.6,858.24,2023
573,Eduarda Rocha,BA,706.37,848.5,777.01,810.53,2023
574,Ana Souza,GO,824.86,384.82,325.06,700.9,2024
575,Samuel Carvalho,GO,868.19,482.81,748.98,932.48,2023
576,Gabriela Costa,SC,843.38,810.88,385.47,428.79,2023
577,Gabriela Costa,RJ,408.81,779.8,811.35,-69.0,2024
578,Samuel Carvalho,RJ,474.39,340.42,358.92,807.91,2024
579,Karen Ribeiro,PR,376.93,693.28,360.03,733.66,2022
580,Karen Ribeiro,RS,570.39,669.81,483.41,708.92,2023
581,Karen Ribeiro,SC,401.18,487.93,771.4,798.54,2024
582,Isabela Duarte,PR,380.58,739.78,826.73,623.99,2023
303,João Pedro,RS,631.0,erro,663.98,889.26,2022
584,Samuel Carvalho,ES,457.94,831.8,345.88,352.78,2021
585,Renata Batista,SP,,647.34,761.52,448.93,2021
586,Samuel Carvalho,BA,626.08,899.24,583.26,842.64,2023
587,Mariana Freitas,ES,834.86,653.76,814.3,393.72,2021
588,Mariana Freitas,PR,601.3,697.61,808.79,864.58,2022
589,Renata Batista,MG,567.73,407.49,869.23,761.59,2022
590,Paulo Henrique,PR,324.25,756.88,439.05,485.05,2022
591,Bruno Lima,ES,610.73,774.88,532.86,942.53,2021
592,Bruno Lima,PR,361.94,881.06,680.14,491.45,2023
593,Tatiane Moraes,GO,642.1,526.0,527.11,711.38,2021
594,Renata Batista,BA,525.8,844.35,609.82,547.03,2023
595,Paulo Henrique,RS,832.3,303.96,829.22,607.93,2022
596,Carla Mendes,GO,686.09,426.91,412.14,553.56,2021
597,Henrique Barros,SC,786.7,732.15,588.91,635.17,2022
598,Tatiane Moraes,MG,,546.54,446.2,389.52,2022
599,Eduarda Rocha,GO,323.51,643.36,333.55,480.78,2022
600,Renata Batista,SC,659.61,638.16,311.17,803.68,2023
601,Carla Mendes,ES,569.52,895.67,820.38,419.4,2024
602,Vinicius Araujo,MG,776.77,792.27,409.13,761.75,2023
603,Felipe Martins,PR,853.41,657.92,341.31,564.75,2022
604,Diego Alves,SP,421.41,815.76,602.62,593.86,2022
605,Vinicius Araujo,RJ,,840.96,659.89,914.43,2021
606,Carla Mendes,RS,695.64,841.19,623.57,300.84,2024
607,Renata Batista,SC,522.23,326.06,617.89,460.64,2024
608,Mariana Freitas,PR,653.43,744.84,756.92,787.7,2021
609,Nicolas Pires,MG,452.71,erro,846.05,358.67,2024
610,Isabela Duarte,ES,303.28,746.19,304.27,665.78,2021
611,Mariana Freitas,ES,712.66,489.54,517.36,408.35,2023
612,Isabela Duarte,GO,554.14,519.39,465.34,776.42,2022
613,Nicolas Pires,GO,770.27,589.48,522.13,688.44,2023
614,João Pedro,PE,506.61,723.3,741.47,898.5,2021
615,Henrique Barros,RS,769.87,869.55,360.17,655.84,2023
616,Samuel Carvalho,PE,718.23,724.07,396.44,975.2,2021
617,Carla Mendes,MG,583.0,660.15,352.88,484.16,2023
618,Carla Mendes,PE,322.65,530.6,890.67,-176.0,2023
619,Vinicius Araujo,SP,867.43,792.14,684.17,607.28,2022
620,Renata Batista,BA,416.85,770.38,606.33,788.91,2022
621,Bruno Lima,PR,443.55,300.17,394.47,997.77,2024
622,Lucas Teixeira,SC,543.27,420.19,309.22,792.54,2021
623,Samuel Carvalho,BA,735.68,635.47,649.76,543.23,2023
624,Henrique Barros,PE,877.83,572.86,542.37,303.26,2022
625,Nicolas Pires,GO,363.88,343.43,476.55,962.91,2023
626,Samuel Carvalho,PE,450.08,565.66,526.25,638.54,2022
627,Karen Ribeiro,RS,708.96,837.91,817.21,637.38,2023
628,Carla Mendes,SC,680.2,896.52,706.15,460.95,2023
629,Nicolas Pires,PR,609.9,305.83,799.31,-95.0,2021
630,Mariana Freitas,PR,345.62,858.84,585.93,547.48,2023
631,Felipe Martins,ES,599.4,419.8,741.26,910.92,2022
632,Henrique Barros,ES,800.96,801.8,513.62,845.26,2021
633,Carla Mendes,RS,668.3,758.55,624.88,329.58,2024
634,Lucas Teixeira,PE,489.25,838.87,828.59,702.16,2023
635,Paulo Henrique,MG,890.64,849.6,468.16,455.46,2022
636,Bruno Lima,GO,779.56,586.99,624.46,651.73,2024
637,Felipe Martins,RS,885.9,718.95,576.04,782.45,2021
638,Gabriela Costa,SC,648.6,erro,667.67,481.79,2023
639,Henrique Barros,BA,582.81,667.85,519.55,649.14,2022
640,Nicolas Pires,PR,519.05,540.36,570.44,699.99,2022
641,Diego Alves,BA,782.45,633.2,813.79,437.24,2022
642,Paulo Henrique,SP,405.96,599.76,897.34,894.57,2023
643,Paulo Henrique,BA,450.58,815.1,328.63,369.28,2022
644,Bruno Lima,ES,,585.92,677.92,614.9,2023
645,Isabela Duarte,PR,"516,18",634.49,786.01,540.9,2024
646,Diego Alves,PR,820.42,877.87,419.37,703.13,2022
647,João Pedro,PR,495.05,606.27,764.85,612.85,2021
648,Mariana Freitas,PE,471.91,679.03,386.91,417.3,2023
649,Nicolas Pires,PE,642.98,809.34,342.81,413.4,2022
650,Karen Ribeiro,PR,691.81,726.26,663.23,576.82,2024
651,Lucas Teixeira,PE,612.56,570.17,400.39,897.95,2022
652,Henrique Barros,BA,864.26,720.42,348.04,416.84,2021
653,Diego Alves,RJ,862.08,583.91,332.3,839.65,2021
654,Diego Alves,BA,670.86,350.59,858.95,572.89,2022
655,Henrique Barros,BA,565.9,375.85,616.05,419.43,2021
656,Lucas Teixeira,PR,818.54,580.32,822.54,954.4,2024
657,Eduarda Rocha,GO,406.22,658.55,678.63,745.1,2024
658,Renata Batista,GO,485.8,508.3,623.8,863.3,2024
659,João Pedro,PR,547.32,393.43,306.33,666.32,2022
660,Lucas Teixeira,BA,581.52,304.99,853.25,962.87,2024
661,João Pedro,SP,759.52,778.78,658.2,857.74,2023
662,Gabriela Costa,SC,829.3,562.26,449.94,800.46,2024
663,Mariana Freitas,ES,"457,79",553.34,443.74,835.18,2023
664,João Pedro,GO,"785,29",547.74,812.09,427.69,2023
665,Diego Alves,RS,670.64,463.28,673.65,431.45,2021
666,Eduarda Rocha,SP,881.83,313.28,883.4,497.48,2022
667,Olivia Nogueira,SP,439.69,390.41,596.15,539.34,2023
668,Paulo Henrique,PR,578.21,774.85,498.15,890.48,2022
669,Bruno Lima,BA,765.39,342.83,582.09,434.53,2023
670,Mariana Freitas,SP,373.18,760.89,449.38,839.86,2024
671,Henrique Barros,SP,419.51,741.19,356.38,766.21,2022
672,Paulo Henrique,SC,708.87,erro,493.84,740.41,2021
673,Samuel Carvalho,GO,373.28,588.74,479.29,552.3,2021
674,Gabriela Costa,RJ,441.58,erro,309.04,856.07,2021
675,Mariana Freitas,ES,305.36,325.2,770.09,632.69,2022
676,Lucas Teixeira,RJ,,599.95,711.57,536.9,2021
677,Bruno Lima,PR,686.74,720.8,774.88,388.08,2022
678,Karen Ribeiro,GO,773.14,754.02,783.32,607.1,2022
679,Ana Souza,SC,514.9,380.84,839.2,639.71,2024
680,Samuel Carvalho,BA,625.64,594.06,640.02,680.53,2023
681,Olivia Nogueira,BA,820.6,659.21,816.34,412.24,2022
682,Olivia Nogueira,BA,791.65,624.96,572.45,843.14,2024
683,Felipe Martins,SP,671.84,518.45,672.12,524.49,2021
684,Samuel Carvalho,SC,413.92,709.93,759.44,407.89,2023
685,Karen Ribeiro,SC,684.54,366.28,613.92,346.68,2022
686,Felipe Martins,SP,421.25,591.22,359.25,699.71,2024
687,Paulo Henrique,GO,674.38,654.18,329.45,454.51,2021
688,Ana Souza,ES,693.45,857.04,799.25,627.64,2021
689,Lucas Teixeira,GO,746.09,834.26,793.22,855.97,2021
690,Vinicius Araujo,BA,617.41,740.58,800.67,354.55,2022
691,Renata Batista,RJ,360.74,438.61,531.2,435.18,2022
692,Tatiane Moraes,MG,635.05,634.88,747.67,836.4,2023
693,Olivia Nogueira,SC,"829,69",400.09,408.24,581.09,2023
694,Felipe Martins,GO,,565.81,511.39,520.61,2023
695,Lucas Teixeira,SC,758.51,558.35,735.52,725.89,2022
696,Mariana Freitas,GO,855.69,452.45,876.99,613.25,2024
697,Ana Souza,SP,,657.46,610.57,995.39,2023
698,Ana Souza,BA,,428.89,488.94,840.07,2023
699,Samuel Carvalho,GO,633.79,855.55,392.83,326.42,2023
700,Eduarda Rocha,MG,458.99,833.78,449.91,479.37,2023
701,Carla Mendes,XX,539.88,850.73,740.56,806.51,2024
702,Felipe Martins,RS,795.42,713.76,645.74,935.36,2023
703,Bruno Lima,PE,"528,93",768.07,853.12,534.07,2024
704,Nicolas Pires,RJ,821.87,436.03,691.67,721.61,2021
705,Mariana Freitas,SP,482.87,324.71,623.96,404.71,2022
706,Eduarda Rocha,SP,704.18,898.42,882.62,826.99,2021
707,Henrique Barros,SC,473.87,536.59,379.31,357.78,2021
708,Samuel Carvalho,SC,457.53,539.12,560.69,788.51,2022
709,Paulo Henrique,GO,418.87,537.19,642.8,692.82,2022
710,Henrique Barros,RJ,459.75,558.04,710.84,703.21,2021
711,Nicolas Pires,SC,519.16,414.29,506.71,758.79,2023
712,Felipe Martins,PR,669.73,894.1,565.33,402.07,2021
713,Henrique Barros,ES,711.22,393.59,737.09,360.07,2021
714,Henrique Barros,PE,856.04,821.25,792.08,309.61,2021
715,João Pedro,RS,582.71,499.13,744.01,448.31,2023
716,Samuel Carvalho,RS,673.83,895.38,717.04,767.78,2024
717,Tatiane Moraes,GO,326.09,402.19,470.41,852.43,2023
718,Bruno Lima,RS,692.85,305.0,533.19,489.92,2023
719,Diego Alves,SP,475.5,830.04,531.91,985.85,2021
720,Karen Ribeiro,RS,820.06,618.94,411.85,650.46,2024
721,Samuel Carvalho,SP,323.85,853.36,482.96,642.95,2022
722,Ana Souza,PR,710.59,513.23,481.4,997.2,2023
723,Bruno Lima,BA,827.21,834.24,788.92,320.63,2023
724,Henrique Barros,MG,505.07,535.71,382.36,810.92,2022
725,Nicolas Pires,ES,,555.88,487.43,723.76,2024
726,Samuel Carvalho,MG,424.05,383.15,624.81,860.07,2022
727,João Pedro,GO,845.74,558.04,845.4,839.03,2022
728,Karen Ribeiro,RJ,634.4,869.16,371.03,522.32,2022
729,Ana Souza,PR,828.08,548.42,546.75,610.1,2023
730,Eduarda Rocha,ES,364.06,410.85,757.47,728.39,2023
731,Vinicius Araujo,PE,"667,42",657.82,438.55,318.26,2021
732,Paulo Henrique,MG,601.39,662.83,727.21,561.77,2024
733,Paulo Henrique,RS,382.51,415.96,319.34,835.18,2021
734,Isabela Duarte,SC,433.53,702.8,421.7,443.19,2022
735,Olivia Nogueira,PE,593.97,494.94,574.53,472.75,2024
736,Bruno Lima,PE,741.2,528.22,487.74,728.05,2021
737,Renata Batista,RJ,570.97,796.21,325.45,997.09,2024
677,Bruno Lima,GO,532.44,759.1,877.56,432.9,2024
739,Mariana Freitas,BA,764.21,471.55,399.89,506.09,2021
740,Renata Batista,MG,578.15,687.66,354.26,650.46,2022
741,Tatiane Moraes,GO,381.18,548.14,570.53,425.22,2022
742,Olivia Nogueira,RJ,450.05,715.03,844.3,857.54,2021
743,Carla Mendes,RJ,723.74,680.44,351.18,795.1,2022
744,Mariana Freitas,GO,528.36,760.96,847.35,695.84,2022
745,Felipe Martins,MG,407.32,727.23,551.75,516.66,2024
746,João Pedro,MG,370.53,378.94,421.71,735.79,2023
747,Ana Souza,RS,598.58,599.19,784.47,725.59,2024
748,Henrique Barros,ES,653.32,585.43,546.09,355.58,2021
749,Henrique Barros,GO,466.87,677.18,792.07,445.35,2022
750,Eduarda Rocha,SP,691.97,erro,812.3,766.9,2023
751,Karen Ribeiro,RJ,329.42,550.17,406.95,770.46,2022
752,Olivia Nogueira,PE,516.11,erro,761.11,525.98,2024
753,Carla Mendes,SC,805.99,338.96,582.49,385.42,2023
754,Karen Ribeiro,GO,548.25,425.91,1321.0,340.73,2021
755,Paulo Henrique,PE,860.34,891.77,472.31,726.19,2023
756,Isabela Duarte,GO,645.09,673.95,856.26,730.0,2024
757,Renata Batista,RS,595.5,407.94,665.64,796.01,2022
758,Ana Souza,RJ,314.39,675.28,370.76,893.65,2024
759,Nicolas Pires,SP,500.28,636.25,682.5,307.91,2022
760,João Pedro,BA,774.12,484.66,604.01,526.75,2021
761,Diego Alves,PR,504.82,734.64,669.6,320.38,2022
762,Gabriela Costa,PR,800.3,853.37,1128.0,632.15,2021
763,Eduarda Rocha,RS,393.23,576.37,819.13,927.15,2024
764,Nicolas Pires,SP,801.06,479.61,734.98,520.85,2021
765,Gabriela Costa,PE,711.3,779.72,832.82,547.52,2022
766,Isabela Duarte,SP,503.49,525.14,620.56,416.18,2024
767,Felipe Martins,PE,370.11,769.41,484.97,900.47,2021
768,Isabela Duarte,SC,352.08,826.23,522.95,880.62,2023
769,Gabriela Costa,GO,481.39,367.34,770.97,844.45,2021
770,Olivia Nogueira,GO,314.96,589.6,600.03,433.15,2024
771,Renata Batista,BA,765.32,385.98,1431.0,875.5,2022
772,Gabriela Costa,SP,575.62,728.21,613.41,302.88,2021
773,Vinicius Araujo,RJ,499.97,833.51,361.86,836.33,2023
774,Ana Souza,PE,755.1,683.31,425.91,440.39,2023
775,Isabela Duarte,GO,491.49,564.67,370.59,-24.0,2023
776,Diego Alves,SP,874.98,635.78,361.43,679.77,2023
777,Isabela Duarte,MG,865.97,782.4,644.45,419.89,2023
778,Vinicius Araujo,PR,624.35,330.44,317.4,932.3,2021
779,Diego Alves,SC,332.28,555.88,407.39,717.28,2024
780,Vinicius Araujo,PR,487.46,790.47,727.74,769.61,2021
781,Olivia Nogueira,PE,379.08,787.71,851.81,627.79,2024
782,João Pedro,RS,582.33,868.47,386.23,926.99,2023
783,Lucas Teixeira,SC,410.01,850.36,498.2,902.55,2023
784,Olivia Nogueira,RS,318.16,585.2,510.86,622.87,2022
785,João Pedro,PR,662.66,376.44,361.76,872.29,2021
786,Karen Ribeiro,GO,,775.46,619.65,580.57,2024
787,Henrique Barros,PE,,395.41,589.42,346.24,2022
788,Tatiane Moraes,SC,770.59,561.21,772.4,681.17,2022
789,Felipe Martins,RJ,743.62,727.15,802.05,380.03,2024
790,Karen Ribeiro,GO,358.59,567.13,484.82,584.06,2021
791,Vinicius Araujo,SC,496.44,686.99,336.89,452.33,2022
792,Tatiane Moraes,SP,754.25,696.53,571.78,504.05,2024
793,Gabriela Costa,ES,708.91,489.96,642.17,939.24,2023
794,Nicolas Pires,PR,894.17,649.64,666.89,657.3,2022
795,João Pedro,SP,521.53,629.33,331.88,792.35,2023
796,Diego Alves,BA,819.41,441.14,721.33,575.99,2023
797,Mariana Freitas,SC,528.94,627.07,697.49,632.41,2022
798,Samuel Carvalho,SC,806.0,516.17,550.34,501.93,2022
799,Eduarda Rocha,SP,343.05,309.42,1298.0,640.69,2024
800,Eduarda Rocha,RJ,382.33,783.56,816.09,925.51,2024
801,Vinicius Araujo,MG,572.64,554.47,792.04,569.3,2022
802,Felipe Martins,SC,662.74,646.76,808.08,465.72,2023
803,Nicolas Pires,GO,645.81,320.08,322.72,638.29,2023
804,Diego Alves,PE,588.92,714.3,385.25,811.91,2023
805,Olivia Nogueira,GO,346.94,833.95,353.07,630.72,2021
806,Samuel Carvalho,PE,487.5,331.66,506.13,844.97,2024
807,Olivia Nogueira,GO,843.63,644.38,498.91,547.04,2023
808,João Pedro,MG,321.2,853.72,749.66,808.88,2023
809,Bruno Lima,RS,646.88,643.72,693.79,504.23,2021
810,João Pedro,RS,349.51,603.36,810.87,494.49,2022
811,Vinicius Araujo,BA,465.13,454.17,744.86,722.68,2022
812,Olivia Nogueira,PR,784.7,456.75,720.46,639.44,2021
813,Karen Ribeiro,RJ,880.41,657.33,793.03,886.33,2024
814,Mariana Freitas,ES,696.4,735.6,400.37,704.43,2023
815,Bruno Lima,BA,753.29,369.6,400.56,579.12,2023
816,Paulo Henrique,GO,440.2,710.11,534.04,483.84,2024
817,Ana Souza,BA,856.33,erro,707.1,973.23,2021
818,Diego Alves,GO,682.45,873.71,1265.0,942.63,2023
819,Karen Ribeiro,BA,460.25,358.97,692.61,573.81,2022
820,Tatiane Moraes,ES,611.97,706.63,895.93,519.29,2021
821,Ana Souza,XX,307.18,erro,1351.0,612.16,2022
822,João Pedro,BA,415.85,314.22,355.16,956.95,2022
823,Vinicius Araujo,RJ,724.85,371.99,813.86,390.94,2022
824,Diego Alves,MG,452.0,580.17,861.71,747.15,2023
825,Nicolas Pires,PR,454.4,768.44,466.37,343.67,2024
826,Karen Ribeiro,SP,454.94,787.68,406.76,348.58,2022
827,Vinicius Araujo,SC,407.07,595.23,386.32,838.1,2022
828,Vinicius Araujo,RJ,847.57,729.24,361.97,351.04,2023
829,Olivia Nogueira,SP,837.91,389.31,684.2,953.03,2024
830,Isabela Duarte,MG,720.03,842.77,644.78,660.77,2024
831,Paulo Henrique,SC,542.35,736.66,787.37,-109.0,2022
832,Ana Souza,SC,872.49,790.79,589.24,697.07,2023
833,Karen Ribeiro,BA,540.37,679.36,875.29,363.47,2023
834,Carla Mendes,RS,756.27,473.98,421.87,688.13,2024
835,Gabriela Costa,BA,717.53,837.88,678.37,551.48,2021
836,Olivia Nogueira,ES,383.97,415.86,731.84,715.06,2024
837,Mariana Freitas,RJ,775.64,686.04,599.81,975.47,2024
838,Ana Souza,SP,503.57,502.63,732.61,583.86,2022
839,Renata Batista,RS,864.05,822.12,621.94,818.74,2022
840,Carla Mendes,SP,741.28,593.34,311.44,935.03,2021
841,Henrique Barros,MG,308.62,679.6,842.8,874.52,2021
842,Olivia Nogueira,PE,402.41,654.63,790.68,374.43,2024
843,Vinicius Araujo,PE,432.34,782.67,555.73,868.06,2024
844,Karen Ribeiro,RJ,885.51,645.58,382.4,885.5,2022
845,Bruno Lima,PE,404.07,337.93,464.34,830.29,2022
846,Lucas Teixeira,GO,399.0,446.19,649.19,393.36,2024
847,Felipe Martins,SP,827.78,348.43,304.33,948.3,2023
848,Nicolas Pires,RS,715.41,423.7,683.9,666.16,2024
849,Henrique Barros,MG,666.32,322.57,408.0,649.92,2021
850,João Pedro,PR,551.27,634.63,415.14,990.62,2021
851,Vinicius Araujo,PR,,892.07,604.52,624.95,2022
852,Isabela Duarte,SP,416.23,777.97,711.15,978.0,2024
853,Paulo Henrique,MG,395.86,853.6,332.42,554.94,2022
854,Nicolas Pires,BA,500.58,783.09,755.04,330.32,2021
855,Samuel Carvalho,MG,394.83,317.44,608.94,349.6,2022
856,Olivia Nogueira,PE,647.86,551.44,748.25,928.86,2022
857,Diego Alves,PR,436.67,442.27,547.56,439.97,2022
858,Carla Mendes,RS,,332.6,561.52,451.32,2024
859,Felipe Martins,SC,524.09,574.64,416.49,551.01,2023
860,Gabriela Costa,PR,376.33,715.33,335.79,395.55,2024
861,Olivia Nogueira,SC,402.72,506.15,831.85,722.55,2022
862,Tatiane Moraes,GO,813.0,351.88,814.18,642.45,2022
863,Tatiane Moraes,RS,802.19,467.5,738.01,815.33,2022
864,Henrique Barros,PR,560.55,433.44,856.49,962.38,2021
865,Nicolas Pires,SP,324.04,582.39,761.16,323.53,2024
866,Paulo Henrique,RJ,571.46,444.31,635.09,308.7,2024
867,Gabriela Costa,MG,515.04,443.44,899.37,311.15,2023
868,Felipe Martins,RS,814.75,748.37,314.65,618.39,2022
869,Mariana Freitas,MG,773.92,522.25,578.58,743.38,2021
870,Mariana Freitas,PR,618.55,477.95,751.73,788.64,2022
871,Carla Mendes,PE,828.51,741.46,332.89,961.73,2023
872,Bruno Lima,RJ,529.77,579.21,324.52,556.5,2021
873,Samuel Carvalho,ES,383.04,500.96,1110.0,754.33,2022
874,Henrique Barros,PR,511.63,460.41,708.14,494.0,2021
875,Lucas Teixeira,PR,571.45,600.87,797.74,629.11,2023
876,Olivia Nogueira,PE,520.89,703.98,715.93,984.66,2021
877,Gabriela Costa,RS,352.39,534.41,407.29,970.78,2021
878,Diego Alves,MG,465.57,718.25,597.8,912.5,2021
879,João Pedro,SC,881.74,624.86,379.22,542.69,2024
880,Ana Souza,BA,413.44,313.22,781.19,884.46,2023
881,Nicolas Pires,PE,505.68,687.63,495.78,715.35,2024
882,Olivia Nogueira,BA,640.35,838.97,483.9,852.49,2022
883,Paulo Henrique,PR,882.43,761.85,328.39,547.18,2024
884,Felipe Martins,PE,854.48,erro,471.15,981.24,2022
885,Felipe Martins,ES,370.15,896.26,644.72,608.62,2023
886,Felipe Martins,ES,637.49,320.81,490.17,540.69,2023
887,Olivia Nogueira,GO,885.28,620.19,1494.0,317.45,2024
888,Eduarda Rocha,RS,856.69,393.63,882.09,682.3,2023
889,João Pedro,RS,837.59,881.76,752.5,995.85,2022
890,Tatiane Moraes,RS,503.21,367.39,587.39,328.06,2021
891,João Pedro,SP,540.98,804.53,567.58,364.74,2021
892,Vinicius Araujo,ES,650.06,433.29,861.4,494.55,2021
893,Carla Mendes,GO,809.67,706.24,874.57,983.09,2024
894,Gabriela Costa,RS,490.65,663.05,866.04,935.91,2023
895,Mariana Freitas,MG,729.58,556.58,531.67,308.53,2023
896,Lucas Teixeira,BA,886.51,824.58,352.56,809.5,2024
897,Nicolas Pires,RS,473.18,783.4,882.22,596.68,2024
898,Eduarda Rocha,PE,658.76,386.18,481.94,991.87,2023
899,Carla Mendes,PE,753.67,353.07,545.68,940.09,2024
900,Felipe Martins,GO,577.27,640.75,848.92,439.48,2024
901,João Pedro,GO,594.35,793.68,481.2,709.65,2024
902,Samuel Carvalho,RS,434.71,774.73,392.41,510.12,2024
903,Diego Alves,BA,550.29,595.13,712.71,471.33,2021
904,Isabela Duarte,RS,896.6,340.03,747.34,706.75,2024
905,Isabela Duarte,RS,884.56,790.97,523.92,813.07,2021
906,Isabela Duarte,MG,648.99,387.68,576.63,785.3,2023
907,Felipe Martins,SP,463.6,551.71,847.26,-115.0,2023
908,João Pedro,GO,683.37,346.1,416.29,739.62,2021
909,Vinicius Araujo,MG,,823.47,796.09,779.48,2023
910,Isabela Duarte,PR,357.5,648.03,793.99,309.03,2023
911,Lucas Teixeira,RS,547.2,852.54,397.82,452.51,2022
912,Gabriela Costa,GO,668.06,798.85,615.39,672.47,2021
913,Nicolas Pires,RS,849.62,369.94,378.74,312.17,2023
914,João Pedro,PR,383.41,565.16,892.55,666.18,2023
915,Felipe Martins,BA,317.26,788.74,433.41,899.77,2022
916,Henrique Barros,BA,375.21,378.13,347.16,783.57,2021
917,Carla Mendes,SP,764.82,754.4,325.51,375.47,2021
918,Paulo Henrique,RJ,845.12,325.97,480.99,307.19,2021
919,Diego Alves,PE,423.24,840.7,410.87,546.07,2021
920,Eduarda Rocha,BA,869.27,508.7,396.33,650.44,2022
921,Renata Batista,PE,341.0,791.75,757.95,670.19,2022
922,João Pedro,MG,841.0,622.28,884.15,369.08,2022
923,Renata Batista,RS,519.88,653.63,563.8,970.42,2022
924,Lucas Teixeira,SC,554.46,608.55,544.55,832.99,2023
925,Diego Alves,XX,366.19,381.55,757.36,793.31,2021
926,Carla Mendes,PR,596.23,530.87,1258.0,815.32,2024
927,Henrique Barros,GO,544.37,890.98,556.78,899.74,2024
928,Lucas Teixeira,MG,307.67,704.5,703.26,577.46,2021
929,Diego Alves,XX,536.89,erro,886.54,819.0,2022
930,Carla Mendes,PR,885.12,503.18,656.98,993.46,2021
931,Henrique Barros,SC,735.12,467.11,728.1,707.34,2023
932,Mariana Freitas,PR,585.5,661.9,542.67,639.17,2023
933,Eduarda Rocha,RS,364.82,450.41,598.36,739.86,2022
934,Ana Souza,RJ,742.68,798.19,598.88,318.72,2022
935,Mariana Freitas,PE,707.52,391.64,673.18,367.43,2021
936,Renata Batista,RS,775.64,421.16,697.26,643.18,2023
937,Samuel Carvalho,PR,785.69,624.32,310.6,834.78,2024
938,Diego Alves,SC,570.07,811.72,565.53,325.19,2022
939,Samuel Carvalho,BA,830.82,398.49,558.41,518.72,2024
79,Paulo Henrique,RJ,641.31,594.33,632.27,677.57,2024
941,Paulo Henrique,GO,812.61,604.01,534.83,646.28,2024
942,Vinicius Araujo,PR,759.88,470.66,336.85,713.32,2022
943,Lucas Teixeira,PR,,650.38,759.12,737.61,2024
944,Diego Alves,SC,507.09,514.42,510.76,762.87,2022
945,Henrique Barros,BA,655.52,846.23,339.3,513.44,2023
946,Felipe Martins,SP,623.05,322.43,694.66,595.73,2024
947,Isabela Duarte,SP,717.58,652.79,891.46,564.42,2024
948,Karen Ribeiro,PE,358.64,593.02,714.52,444.14,2024
949,Renata Batista,PR,399.98,479.71,881.66,441.23,2021
950,Samuel Carvalho,ES,472.41,328.52,897.74,581.42,2022
951,Vinicius Araujo,RJ,730.62,646.92,655.12,491.36,2024
952,Nicolas Pires,ES,,346.0,794.24,653.25,2023
953,Nicolas Pires,GO,488.01,548.59,450.76,660.76,2022
954,Ana Souza,GO,"817,63",646.11,427.77,973.48,2024
955,Isabela Duarte,GO,785.36,811.66,844.1,954.25,2021
956,Renata Batista,ES,518.56,388.65,390.28,779.71,2023
957,Nicolas Pires,SC,491.19,798.13,338.66,442.49,2024
958,Isabela Duarte,BA,687.63,453.87,660.74,584.11,2021
959,Eduarda Rocha,ES,316.62,778.23,486.32,639.77,2024
960,Nicolas Pires,SP,421.19,463.63,317.49,852.77,2023
961,Samuel Carvalho,MG,686.58,325.34,733.48,847.56,2021
962,Carla Mendes,PR,660.96,820.3,840.34,584.9,2023
963,Carla Mendes,SC,865.9,734.54,384.34,378.35,2021
964,Renata Batista,PE,869.8,858.93,451.08,919.2,2022
965,Vinicius Araujo,RJ,763.91,488.05,799.4,816.07,2022
966,Nicolas Pires,ES,386.57,405.09,881.95,607.63,2023
967,Tatiane Moraes,SP,594.22,524.82,869.23,521.54,2024
968,Paulo Henrique,ES,877.99,827.66,862.18,554.1,2023
969,João Pedro,SP,687.24,843.14,320.89,817.61,2021
970,Henrique Barros,BA,631.64,485.56,875.09,554.0,2021
971,Samuel Carvalho,ES,814.59,erro,845.87,575.08,2023
972,João Pedro,RJ,861.79,754.0,478.45,901.59,2022
973,Olivia Nogueira,PR,827.68,760.04,543.77,323.72,2021
974,Paulo Henrique,RS,742.17,erro,499.63,595.66,2021
975,Felipe Martins,BA,,511.11,661.27,869.4,2023
976,Olivia Nogueira,SP,757.19,684.82,410.24,610.38,2022
977,Ana Souza,SC,420.05,483.33,645.49,377.58,2022
978,Renata Batista,MG,808.18,711.45,775.59,523.58,2024
979,Eduarda Rocha,BA,404.09,erro,496.55,497.26,2021
980,Nicolas Pires,PR,409.13,825.83,866.85,919.04,2022
981,Ana Souza,SP,853.87,erro,675.98,934.79,2024
982,Gabriela Costa,BA,720.76,401.25,540.62,600.23,2023
983,Eduarda Rocha,RJ,874.82,402.07,640.35,309.88,2024
984,Olivia Nogueira,RS,371.11,728.14,414.33,903.36,2023
985,João Pedro,RS,529.24,558.79,423.96,450.9,2023
986,Gabriela Costa,SC,408.22,775.48,317.26,983.29,2022
987,Vinicius Araujo,RS,844.4,521.78,710.56,620.71,2021
988,Paulo Henrique,MG,822.87,884.64,538.53,448.55,2024
989,Nicolas Pires,PE,453.74,357.17,1222.0,533.0,2022
990,Paulo Henrique,PR,898.04,863.59,880.33,718.76,2021
991,Ana Souza,BA,602.73,528.56,886.51,769.88,2022
992,Samuel Carvalho,SP,648.29,456.17,602.25,951.23,2024
993,Eduarda Rocha,RJ,490.39,618.25,385.08,381.79,2021
994,Eduarda Rocha,RS,823.01,erro,748.69,948.37,2023
995,Isabela Duarte,PE,,856.03,610.18,605.04,2022
996,Karen Ribeiro,RS,758.21,390.76,811.82,760.19,2024
997,Bruno Lima,ES,"389,17",437.92,321.52,482.16,2024
998,Nicolas Pires,RJ,897.12,856.32,324.48,549.56,2024
999,Olivia Nogueira,RS,367.49,731.86,388.83,544.72,2022
1000,João Pedro,MG,800.97,749.96,793.54,694.27,2022